<?xml version="1.0" encoding="UTF-8" standalone="yes"?>
<addon id="script.module.osmcsetting.logging" name="Logging" version="0.1.0+matrix.1~beta1" provider-name="OSMC (KodeKarnage)">
    <requires>
        <import addon="xbmc.python" version="3.0.0"/>
        <import addon="script.module.osmccommon" version="0.1.0~beta1"/>
    </requires>

    <extension point="xbmc.python.module" library="resources/lib/"/>

    <extension point="xbmc.addon.metadata">
        <description lang="en_GB">My OSMC settings module.</description>
        <language>en</language>
        <platform>all</platform>
        <license>GPL-2.0-or-later</license>
        <email>karnage@osmc.tv</email>
        <source>https://osmc.tv</source>
        <assets>
            <icon>resources/media/icon.png</icon>
            <fanart>resources/media/fanart.jpg</fanart>
        </assets>
    </extension>
</addon>