<?xml version="1.0" encoding="utf-8"?>
<fonts>

    <fontset id="Default">

        <font>
            <name>Font60</name>
            <filename>OpenSans-Regular.ttf</filename>
            <size>60</size>
        </font>
        <font>
            <name>Font40</name>
            <filename>OpenSans-Regular.ttf</filename>
            <size>40</size>
        </font>
        <font>
            <name>Font30</name>
            <filename>OpenSans-Regular.ttf</filename>
            <linespacing>0.88</linespacing>
            <size>30</size>
        </font>
        <font>
            <name>Font26</name>
            <filename>OpenSans-Regular.ttf</filename>
            <linespacing>0.88</linespacing>
            <size>26</size>
        </font>

        <!-- Old fonts -->

        <font>
            <name>OLD_Font72</name>
            <filename>Roboto-Light.ttf</filename>
            <size>72</size>
        </font>
        <font>
            <name>OLD_Font48</name>
            <filename>Roboto-Light.ttf</filename>
            <size>48</size>
        </font>
        <font>
            <name>OLD_Font42</name>
            <filename>Roboto-Light.ttf</filename>
            <size>42</size>
        </font>
        <font>
            <name>OLD_Font36</name>
            <filename>Roboto-Light.ttf</filename>
            <size>36</size>
            <linespacing>1.3</linespacing>
        </font>
        <font>
            <name>OLD_Font33</name>
            <filename>Roboto-Light.ttf</filename>
            <size>33</size>
        </font>
        <font>
            <name>OLD_Font30</name>
            <filename>Roboto-Light.ttf</filename>
            <size>30</size>
        </font>
        <font>
            <name>OLD_Font27</name>
            <filename>Roboto-Light.ttf</filename>
            <size>27</size>
            <linespacing>1.3</linespacing>
        </font>
        <font>
            <name>OLD_Font25</name>
            <filename>Roboto-Light.ttf</filename>
            <size>25</size>
            <linespacing>1.3</linespacing>
        </font>
        <!-- Required for system -->
        <font>
            <name>Font13</name>
            <filename>Arial.ttf</filename>
            <size>21</size>
        </font>

    </fontset>

</fonts>