<?xml version="1.0" encoding="UTF-8"?>
<window>
    <!-- addoninformation -->
    <defaultcontrol always="true">9000</defaultcontrol>
    <animation type="WindowOpen">
        <effect center="auto" easing="inout" end="100" start="70" time="300" tween="back" type="zoom"/>
        <effect end="100" start="0" time="300" type="fade"/>
    </animation>
    <animation type="WindowClose">
        <effect center="auto" end="70" start="100" time="100" type="zoom"/>
        <effect end="0" start="100" time="100" type="fade"/>
    </animation>
    <controls>
        <!-- Background -->
        <control type="image">
            <left>0</left>
            <top>0</top>
            <width>1920</width>
            <height>1080</height>
            <texture border="20">DialogBackground.png</texture>
        </control>
        <!-- Heading -->
        <control type="label">
            <left>150</left>
            <top>96</top>
            <width>1620</width>
            <height>72</height>
            <font>osmc_addon_720_720_XLarge</font>
            <!--former_line<font>osmc_addon_720_OLD_Font72</font>-->
            <textcolor>ff808080</textcolor>
            <!--former_line<textcolor>ffffffff</textcolor>-->
            <label>$ADDON[script.module.osmcsetting.apfstore 32010]</label>
        </control>
        <!-- Name -->
        <control id="50007" type="label">
            <left>150</left>
            <top>235</top>
            <width>430</width>
            <height>36</height>
            <font>osmc_addon_720_Med</font>
            <!--former_line<font>osmc_addon_720_OLD_Font36</font>-->
            <textcolor>ff808080</textcolor>
            <!--former_line<textcolor>ffffffff</textcolor>-->
            <label>$ADDON[script.module.osmcsetting.apfstore 32011]</label>
        </control>
        <!-- Image -->
        <control type="group">
            <control id="50006" type="image">
                <left>150</left>
                <top>322</top>
                <width>405</width>
                <height>405</height>
                <texture>ICON</texture>
                <aspectratio aligny="center">keep</aspectratio>
            </control>
        </control>
        <!-- Info -->
        <control type="group">
            <left>600</left>
            <top>235</top>
            <!-- Details -->
            <control type="grouplist">
                <width>1170</width>
                <height>336</height>
                <itemgap>12</itemgap>
                <orientation>vertical</orientation>
                <usecontrolcoords>true</usecontrolcoords>
                <!-- Type -->
                <control type="group">
                    <height>36</height>
                    <width>1170</width>
                    <control type="label">
                        <width>200</width>
                        <height>36</height>
                        <align>right</align>
                        <font>osmc_addon_720_Med</font>
                        <!--former_line<font>osmc_addon_720_OLD_Font36</font>-->
                        <label>$ADDON[script.module.osmcsetting.apfstore 32012]</label>
                        <textcolor>66ffffff</textcolor>
                    </control>
                    <control id="50005" type="label">
                        <left>220</left>
                        <width>950</width>
                        <height>36</height>
                        <font>osmc_addon_720_Med</font>
                        <!--former_line<font>osmc_addon_720_OLD_Font36</font>-->
                        <label>lastupdated</label>
                        <textcolor>ff808080</textcolor>
                        <!--former_line<textcolor>ffffffff</textcolor>-->
                    </control>
                </control>
                <!-- Author -->
                <control type="group">
                    <height>36</height>
                    <width>1170</width>
                    <control type="label">
                        <width>200</width>
                        <height>36</height>
                        <align>right</align>
                        <font>osmc_addon_720_Med</font>
                        <!--former_line<font>osmc_addon_720_OLD_Font36</font>-->
                        <label>$ADDON[script.module.osmcsetting.apfstore 32013]</label>
                        <textcolor>66ffffff</textcolor>
                    </control>
                    <control id="50004" type="label">
                        <left>220</left>
                        <width>950</width>
                        <height>36</height>
                        <font>osmc_addon_720_Med</font>
                        <!--former_line<font>osmc_addon_720_OLD_Font36</font>-->
                        <label>Maintainer</label>
                        <textcolor>ff808080</textcolor>
                        <!--former_line<textcolor>ffffffff</textcolor>-->
                    </control>
                </control>
                <!-- Version -->
                <control type="group">
                    <height>36</height>
                    <width>1170</width>
                    <control type="label">
                        <width>200</width>
                        <height>36</height>
                        <align>right</align>
                        <font>osmc_addon_720_Med</font>
                        <!--former_line<font>osmc_addon_720_OLD_Font36</font>-->
                        <label>$ADDON[script.module.osmcsetting.apfstore 32014]</label>
                        <textcolor>66ffffff</textcolor>
                    </control>
                    <control id="50003" type="label">
                        <left>220</left>
                        <width>950</width>
                        <height>36</height>
                        <font>osmc_addon_720_Med</font>
                        <!--former_line<font>osmc_addon_720_OLD_Font36</font>-->
                        <label>Version</label>
                        <textcolor>ff808080</textcolor>
                        <!--former_line<textcolor>ffffffff</textcolor>-->
                    </control>
                </control>
                <!-- Summary -->
                <control type="group">
                    <height>112</height>
                    <width>1170</width>
                    <control type="label">
                        <width>200</width>
                        <height>36</height>
                        <align>right</align>
                        <font>osmc_addon_720_Med</font>
                        <!--former_line<font>osmc_addon_720_OLD_Font36</font>-->
                        <label>$ADDON[script.module.osmcsetting.apfstore 32015]</label>
                        <textcolor>66ffffff</textcolor>
                    </control>
                    <control id="50001" type="label">
                        <top>-6</top>
                        <left>220</left>
                        <width>950</width>
                        <height>112</height>
                        <font>osmc_addon_720_Med</font>
                        <!--former_line<font>osmc_addon_720_OLD_Font36</font>-->
                        <aligny>top</aligny>
                        <wrapmultiline>true</wrapmultiline>
                        <label>ShortDesc</label>
                        <textcolor>ff808080</textcolor>
                        <!--former_line<textcolor>ffffffff</textcolor>-->
                    </control>
                </control>
            </control>
            <!-- Description -->
            <control id="50002" type="textbox">
                <top>370</top>
                <width>950</width>
                <height>210</height>
                <textcolor>66ffffff</textcolor>
                <label>LongDesc</label>
            </control>
        </control>
        <!-- Button grouplist -->
        <control id="9000" type="grouplist">
            <left>150</left>
            <top>912</top>
            <width>1620</width>
            <height>66</height>
            <itemgap>0</itemgap>
            <onleft>noop</onleft>
            <onright>noop</onright>
            <onup>noop</onup>
            <ondown>noop</ondown>
            <orientation>horizontal</orientation>
            <!-- Install/UnInstall Addon button -->
            <control id="6" type="button">
                <width>231</width>
                <label>$ADDON[script.module.osmcsetting.apfstore 32003]</label>
                <texturefocus>TextShade.png</texturefocus>
                <texturenofocus>single_pixel.png</texturenofocus>
                <font>osmc_addon_720_Small</font>
                <!--former_line<font>osmc_addon_720_OLD_Font33</font>-->
                <focusedcolor>FFFFFFFF</focusedcolor>
                <textcolor>66ffffff</textcolor>
            </control>
            <!-- Exit button -->
            <control id="7" type="button">
                <width>231</width>
                <texturefocus>TextShade.png</texturefocus>
                <texturenofocus>TextShade.png</texturenofocus>
                <font>osmc_addon_720_Small</font>
                <!--former_line<font>osmc_addon_720_OLD_Font33</font>-->
                <focusedcolor>FFFFFFFF</focusedcolor>
                <textcolor>66ffffff</textcolor>
                <label>$ADDON[script.module.osmcsetting.apfstore 32016]</label>
            </control>
        </control>
    </controls>
</window>