<?xml version="1.0" encoding="UTF-8"?>
<window>
    <!-- addonbrowser -->
    <backgroundcolor>ff203b4c</backgroundcolor>
    <!--former_line<backgroundcolor>0xff18394a</backgroundcolor>-->
    <defaultcontrol always="true">500</defaultcontrol>
    <controls>
        <!-- Background -->
        <control type="image">
            <left>0</left>
            <top>0</top>
            <width>1920</width>
            <height>1080</height>
            <texture colordiffuse="ff0b2430">white.png</texture>
        </control>
        <!-- Curve -->
        <control type="image">
            <left>1900</left>
            <top>20</top>
            <width>1280</width>
            <height>1040</height>
            <texture border="40,0,0,0">Curve.png</texture>
        </control>
        <control description="osmc icon" type="image">
            <left>100</left>
            <top>100</top>
            <width>247</width>
            <height>44</height>
            <texture>osmclogo.png</texture>
        </control>
        <control type="group">
            <animation effect="fade" end="100" start="0" time="0">Visible</animation>
            <!-- Image -->
            <control type="image">
                <left>120</left>
                <top>225</top>
                <width>405</width>
                <height>666</height>
                <texture>$INFO[Container(500).ListItem.Icon]</texture>
                <aspectratio aligny="center">keep</aspectratio>
                <bordertexture border="1,1,1,69">DropShadow.png</bordertexture>
                <bordersize>0,0,0,66</bordersize>
                <!-- <visible>!SubString(ListItem.Icon,Default)</visible>-->
            </control>
            <!-- 			<control type="label">
                            <left>120</left>
                            <top>500</top>
                            <width>1018</width>
                            <height>90</height>
                            <font>osmc_addon_720_font13</font> -->
            <!--former_line<font>osmc_addon_720_font13</font>-->
            <!-- 				<label>$INFO[ListItem.Icon]</label>
                            <textcolor>66ffffff</textcolor>
                        </control> -->
            <!-- List -->
            <control id="500" type="fixedlist">
                <left>750</left>
                <centertop>50%</centertop>
                <width>1050</width>
                <height>720</height>
                <onup>500</onup>
                <ondown>500</ondown>
                <onleft>60</onleft>
                <onright>7</onright>
                <pagecontrol>60</pagecontrol>
                <focusposition>3</focusposition>
                <orientation>vertical</orientation>
                <viewtype label="535">list</viewtype>
                <scrolltime easing="out" tween="sine">240</scrolltime>
                <!-- <visible>!IsEmpty(Container.FolderPath)</visible>-->
                <itemlayout height="90" width="1050">
                    <control type="label">
                        <left>32</left>
                        <top>0</top>
                        <width>1018</width>
                        <height>90</height>
                        <font>osmc_addon_720_Med</font>
                        <!--former_line<font>osmc_addon_720_OLD_Font36</font>-->
                        <label>$INFO[ListItem.Label]</label>
                        <textcolor>66ffffff</textcolor>
                    </control>
                </itemlayout>
                <focusedlayout height="180" width="1050">
                    <control type="label">
                        <left>32</left>
                        <top>0</top>
                        <width>1018</width>
                        <height>180</height>
                        <font>osmc_addon_720_XLarge</font>
                        <!--former_line<font>osmc_addon_720_OLD_Font72</font>-->
                        <label>$INFO[ListItem.Label]</label>
                        <textcolor>ffe0b074</textcolor>
                        <!--former_line<textcolor>ffffffff</textcolor>-->
                        <shadowcolor>44000000</shadowcolor>
                        <visible>IsEmpty(ListItem.Label2)</visible>
                    </control>
                    <control type="group">
                        <visible>!IsEmpty(ListItem.Label2)</visible>
                        <control type="label">
                            <left>32</left>
                            <top>43</top>
                            <width>1018</width>
                            <height>48</height>
                            <font>osmc_addon_720_XLarge</font>
                            <!--former_line<font>osmc_addon_720_OLD_Font48</font>-->
                            <label>$INFO[ListItem.Label]</label>
                            <textcolor>ffe0b074</textcolor>
                            <!--former_line<textcolor>ffffffff</textcolor>-->
                            <shadowcolor>44000000</shadowcolor>
                        </control>
                        <control type="label">
                            <left>32</left>
                            <top>100</top>
                            <width>1018</width>
                            <height>27</height>
                            <font>osmc_addon_720_XSmall</font>
                            <!--former_line<font>osmc_addon_720_OLD_Font27</font>-->
                            <label>$INFO[ListItem.Label2]</label>
                            <!-- <textcolor>66ffffff</textcolor>-->
                            <textcolor>ffe0b074</textcolor>
                            <shadowcolor>44000000</shadowcolor>
                        </control>
                    </control>
                </focusedlayout>
            </control>
            <!-- Scrollbar (list) -->
            <control id="60" type="scrollbar">
                <left>690</left>
                <centertop>50%</centertop>
                <width>20</width>
                <height>720</height>
                <onleft>500</onleft>
                <onright>500</onright>
                <showonepage>false</showonepage>
                <orientation>vertical</orientation>
                <colordiffuse>55f1f1f1</colordiffuse>
                <texturesliderbackground border="9,1,6,1">ScrollBackground.png</texturesliderbackground>
                <texturesliderbar border="8,1,6,1">ScrollbarGripNF.png</texturesliderbar>
                <texturesliderbarfocus border="8,1,6,1" colordiffuse="ffffffff">ScrollbarGripFO.png</texturesliderbarfocus>
                <textureslidernib>-</textureslidernib>
                <textureslidernibfocus>-</textureslidernibfocus>
            </control>
            <!-- Button grouplist -->
            <control id="9000" type="grouplist">
                <left>1550</left>
                <top>370</top>
                <width>250</width>
                <height>600</height>
                <itemgap>6</itemgap>
                <align>right</align>
                <onleft>500</onleft>
                <onright>noop</onright>
                <onup>noop</onup>
                <ondown>noop</ondown>
                <orientation>vertical</orientation>
                <!-- Install/UnInstall Addon button -->
                <control id="6" type="button">
                    <width>231</width>
                    <height>44</height>
                    <label>$ADDON[script.module.osmcsetting.apfstore 32006]</label>
                    <font>osmc_addon_720_Small</font>
                    <!--former_line<font>osmc_addon_720_OLD_Font33</font>-->
                    <texturefocus>TextShade.png</texturefocus>
                    <texturenofocus>single_pixel.png</texturenofocus>
                    <focusedcolor>ffe0b074</focusedcolor>
                    <textcolor>66ffffff</textcolor>
                    <align>center</align>
                </control>
                <!-- install count -->
                <control id="61" type="label">
                    <width>231</width>
                    <height>44</height>
                    <align>center</align>
                    <label>$ADDON[script.module.osmcsetting.apfstore 32007]</label>
                    <font>osmc_addon_720_Small</font>
                    <!--former_line<font>osmc_addon_720_OLD_Font33</font>-->
                    <textcolor>66ffffff</textcolor>
                </control>
                <!-- remove count -->
                <control id="62" type="label">
                    <width>231</width>
                    <height>44</height>
                    <label>$ADDON[script.module.osmcsetting.apfstore 32008]</label>
                    <font>osmc_addon_720_Small</font>
                    <!--former_line<font>osmc_addon_720_OLD_Font33</font>-->
                    <textcolor>66ffffff</textcolor>
                    <focusedcolor>ffe0b074</focusedcolor>
                    <align>center</align>
                </control>
                <!-- Exit button -->
                <control id="7" type="button">
                    <width>231</width>
                    <height>44</height>
                    <label>$ADDON[script.module.osmcsetting.apfstore 32009]</label>
                    <font>osmc_addon_720_Small</font>
                    <!--former_line<font>osmc_addon_720_OLD_Font33</font>-->
                    <texturefocus>TextShade.png</texturefocus>
                    <texturenofocus>single_pixel.png</texturenofocus>
                    <textcolor>66ffffff</textcolor>
                    <focusedcolor>ffe0b074</focusedcolor>
                    <textcolor>66ffffff</textcolor>
                    <align>center</align>
                </control>
            </control>
        </control>
    </controls>
</window>