<?xml version="1.0" encoding="UTF-8"?>
<window>
    <!-- addonbrowser -->
    <backgroundcolor>ff203b4c</backgroundcolor>
    <!--former_line<backgroundcolor>0xff18394a</backgroundcolor>-->
    <defaultcontrol always="true">500</defaultcontrol>
    <controls>
        <!-- Background -->
        <control type="image">
            <left>0</left>
            <top>0</top>
            <width>1920</width>
            <height>1080</height>
            <texture colordiffuse="ff0b2430">white.png</texture>
        </control>
        <!-- Curve -->
        <control type="image">
            <left>1900</left>
            <top>20</top>
            <width>1280</width>
            <height>1040</height>
            <texture border="40,0,0,0">Curve.png</texture>
        </control>
        <control description="osmc icon" type="image">
            <left>100</left>
            <top>100</top>
            <width>247</width>
            <height>44</height>
            <texture>osmclogo.png</texture>
        </control>
        <control type="group">
            <animation effect="fade" end="100" start="0" time="0">Visible</animation>
            <!-- Image -->
            <control type="image">
                <left>1395</left>
                <top>225</top>
                <width>405</width>
                <height>666</height>
                <texture>$INFO[Container(500).ListItem.Icon]</texture>
                <aspectratio aligny="center">keep</aspectratio>
                <!-- <visible>!SubString(ListItem.Icon,Default)</visible>-->
            </control>
            <!-- 			<control type="label"><left>120</left><top>500</top><width>1018</width><height>90</height><font>osmc_addon_720_font13</font><label>$INFO[ListItem.Icon]</label><textcolor>66ffffff</textcolor></control>-->
            <!-- 			<control type="image"><left>120</left><top>225</top><width>405</width><height>600</height><texture colordiffuse="00ffffff">$INFO[ListItem.Icon]</texture><aspectratio aligny="center">keep</aspectratio><bordertexture border="21,21,21,150">OverlayEffect.png</bordertexture><visible>!SubString(ListItem.Icon,Default) + Skin.HasSetting(Overlays)</visible></control>-->
            <!-- 			<control type="image"><left>120</left><top>225</top><width>405</width><height>600</height><texture>$INFO[ListItem.Icon]</texture><colordiffuse>ffffffff</colordiffuse><aspectratio aligny="center">keep</aspectratio><visible>SubString(ListItem.Icon,Default)</visible></control>-->
            <!-- List -->
            <control id="500" type="fixedlist">
                <left>700</left>
                <centertop>50%</centertop>
                <width>1050</width>
                <height>720</height>
                <onup>500</onup>
                <ondown>500</ondown>
                <onleft>60</onleft>
                <onright>7</onright>
                <pagecontrol>60</pagecontrol>
                <focusposition>3</focusposition>
                <orientation>vertical</orientation>
                <viewtype label="535">list</viewtype>
                <scrolltime easing="out" tween="sine">240</scrolltime>
                <!-- <visible>!IsEmpty(Container.FolderPath)</visible>-->
                <itemlayout height="90" width="1050">
                    <control type="label">
                        <left>32</left>
                        <top>0</top>
                        <width>1018</width>
                        <height>90</height>
                        <font>osmc_addon_720_Med</font>
                        <!--former_line<font>osmc_addon_720_OLD_Font36</font>-->
                        <!-- <font>osmc_addon_720_font13</font>-->
                        <label>$INFO[ListItem.Label]</label>
                        <selectedcolor>ffffffff</selectedcolor>
                        <!--former_line<selectedcolor>ffffa500</selectedcolor>-->
                        <textcolor>66ffffff</textcolor>
                    </control>
                </itemlayout>
                <focusedlayout height="180" width="1050">
                    <control type="label">
                        <left>32</left>
                        <top>0</top>
                        <width>1018</width>
                        <height>180</height>
                        <font>osmc_addon_720_XLarge</font>
                        <!--former_line<font>osmc_addon_720_OLD_Font72</font>-->
                        <!-- <font>osmc_addon_720_font13</font>-->
                        <label>$INFO[ListItem.Label]</label>
                        <textcolor>ffe0b074</textcolor>
                        <!--former_line<textcolor>ffffffff</textcolor>-->
                        <selectedcolor>ffe0b074</selectedcolor>
                        <!--former_line<selectedcolor>ffffa500</selectedcolor>-->
                        <shadowcolor>44000000</shadowcolor>
                        <!-- <animation condition="!Control.HasFocus(500)" easing="out" effect="fade" end="50" reversible="true" start="100" time="200" tween="cubic">Conditional</animation>-->
                        <visible>IsEmpty(ListItem.Label2)</visible>
                    </control>
                    <control type="group">
                        <visible>!IsEmpty(ListItem.Label2)</visible>
                        <control type="label">
                            <left>32</left>
                            <top>43</top>
                            <width>1018</width>
                            <height>48</height>
                            <font>osmc_addon_720_XLarge</font>
                            <!--former_line<font>osmc_addon_720_OLD_Font48</font>-->
                            <!-- <font>osmc_addon_720_font13</font>-->
                            <label>$INFO[ListItem.Label]</label>
                            <textcolor>ffe0b074</textcolor>
                            <!--former_line<textcolor>ffffffff</textcolor>-->
                            <selectedcolor>ffe0b074</selectedcolor>
                            <!--former_line<selectedcolor>ffffa500</selectedcolor>-->
                            <shadowcolor>44000000</shadowcolor>
                            <!-- <animation condition="!Control.HasFocus(500)" easing="out" effect="fade" end="50" reversible="true" start="100" time="200" tween="cubic">Conditional</animation>-->
                        </control>
                        <control type="label">
                            <left>32</left>
                            <top>100</top>
                            <width>1018</width>
                            <height>27</height>
                            <font>osmc_addon_720_XSmall</font>
                            <!--former_line<font>osmc_addon_720_OLD_Font27</font>-->
                            <!-- <font>osmc_addon_720_font13</font>-->
                            <label>$INFO[ListItem.Label2]</label>
                            <!-- <textcolor>66ffffff</textcolor>-->
                            <textcolor>fff1f1f1</textcolor>
                            <selectedcolor>ffe0b074</selectedcolor>
                            <!--former_line<selectedcolor>ffffa500</selectedcolor>-->
                            <shadowcolor>44000000</shadowcolor>
                            <!-- <animation condition="!Control.HasFocus(500)" easing="out" effect="fade" end="50" reversible="true" start="100" time="200" tween="cubic">Conditional</animation>-->
                        </control>
                    </control>
                </focusedlayout>
            </control>
            <!-- Scrollbar (list) -->
            <control id="60" type="scrollbar">
                <left>640</left>
                <centertop>50%</centertop>
                <width>20</width>
                <height>720</height>
                <onleft>69</onleft>
                <onright>500</onright>
                <showonepage>false</showonepage>
                <orientation>vertical</orientation>
                <colordiffuse>55f1f1f1</colordiffuse>
                <texturesliderbackground border="9,1,6,1">ScrollBackground.png</texturesliderbackground>
                <texturesliderbar border="8,1,6,1">ScrollbarGripNF.png</texturesliderbar>
                <texturesliderbarfocus border="8,1,6,1" colordiffuse="ffffffff">ScrollbarGripFO.png</texturesliderbarfocus>
                <textureslidernib>-</textureslidernib>
                <textureslidernibfocus>-</textureslidernibfocus>
                <!-- <visible>!Skin.HasSetting(Scrollbars) + Control.IsVisible(500)</visible>-->
            </control>
            <!-- text box file contents -->
            <control description="textbox background" type="image">
                <left>70</left>
                <top>225</top>
                <width>460</width>
                <height>660</height>
                <texture>TextShade.png</texture>
            </control>
            <control description="Comment" id="1102" type="textbox">
                <left>85</left>
                <top>235</top>
                <width>430</width>
                <height>640</height>
                <font>osmc_addon_720_XSmall</font>
                <!--former_line<font>osmc_addon_720_OLD_Font25</font>-->
                <label>$INFO[Container(500).ListItem.Title]</label>
                <pagecontrol>69</pagecontrol>
            </control>
            <!-- Scrollbar (text box) -->
            <control id="69" type="scrollbar">
                <left>25</left>
                <top>235</top>
                <width>20</width>
                <height>640</height>
                <onleft>500</onleft>
                <onright>60</onright>
                <orientation>vertical</orientation>
                <colordiffuse>55f1f1f1</colordiffuse>
                <texturesliderbackground border="9,1,6,1">ScrollBackground.png</texturesliderbackground>
                <texturesliderbar border="8,1,6,1">ScrollbarGripNF.png</texturesliderbar>
                <texturesliderbarfocus border="8,1,6,1" colordiffuse="ffffffff">ScrollbarGripFO.png</texturesliderbarfocus>
                <textureslidernib>-</textureslidernib>
                <textureslidernibfocus>-</textureslidernibfocus>
                <!-- <visible>!Skin.HasSetting(Scrollbars) + Control.IsVisible(500)</visible>-->
            </control>
            <!-- Button grouplist -->
            <control id="9000" type="grouplist">
                <left>1550</left>
                <top>410</top>
                <width>250</width>
                <height>600</height>
                <itemgap>20</itemgap>
                <align>right</align>
                <onleft>500</onleft>
                <onright>noop</onright>
                <onup>noop</onup>
                <ondown>noop</ondown>
                <orientation>vertical</orientation>
                <!-- Disable RC6 toggle -->
                <control id="8" type="radiobutton">
                    <width>250</width>
                    <height>44</height>
                    <label>Disable RC6</label>
                    <font>osmc_addon_Small</font>
                    <texturefocus>TextShade.png</texturefocus>
                    <texturenofocus>single_pixel.png</texturenofocus>
                    <focusedcolor>FFFFFFFF</focusedcolor>
                    <textcolor>66ffffff</textcolor>
                    <align>center</align>
                    <radiowidth>16</radiowidth>
                    <radioheight>16</radioheight>
                    <texturenofocus>-</texturenofocus>
                    <texturefocus>-</texturefocus>
                    <textureradioonfocus>RadioOn.png</textureradioonfocus>
                    <textureradioonnofocus>RadioOn.png</textureradioonnofocus>
                    <textureradioofffocus>RadioOff.png</textureradioofffocus>
                    <textureradiooffnofocus>RadioOff.png</textureradiooffnofocus>
                </control>
                <!-- Browse -->
                <control id="62" type="button">
                    <width>231</width>
                    <height>44</height>
                    <!-- <label>$ADDON[script.module.osmcsetting.remotes 32003]</label>-->
                    <label>Browse</label>
                    <font>osmc_addon_720_Small</font>
                    <!--former_line<font>osmc_addon_720_OLD_Font33</font>-->
                    <texturefocus>TextShade.png</texturefocus>
                    <texturenofocus>single_pixel.png</texturenofocus>
                    <focusedcolor>FFFFFFFF</focusedcolor>
                    <textcolor>66ffffff</textcolor>
                    <align>center</align>
                </control>
                <!-- Exit button -->
                <control id="7" type="button">
                    <width>231</width>
                    <height>44</height>
                    <!-- <label>$ADDON[script.module.osmcsetting.remotes 32004]</label>-->
                    <label>Exit</label>
                    <font>osmc_addon_720_Small</font>
                    <!--former_line<font>osmc_addon_720_OLD_Font33</font>-->
                    <texturefocus>TextShade.png</texturefocus>
                    <texturenofocus>single_pixel.png</texturenofocus>
                    <focusedcolor>FFFFFFFF</focusedcolor>
                    <textcolor>66ffffff</textcolor>
                    <align>center</align>
                </control>
            </control>
        </control>
    </controls>
</window>
