<?xml version="1.0" encoding="UTF-8"?>
<window>
    <defaultcontrol always="true">100</defaultcontrol>
    <animation effect="fade" time="250">WindowOpen</animation>
    <animation effect="fade" time="500">WindowClose</animation>
    <controls>
        <!-- Background -->
        <control type="image">
            <left>0</left>
            <top>0</top>
            <width>1920</width>
            <height>1080</height>
            <texture colordiffuse="ff0b2430">white.png</texture>
            <texture colordiffuse="ff0b2430">white.png</texture>
        </control>
        <!-- Curve -->
        <control type="image">
            <left>1900</left>
            <top>20</top>
            <width>1280</width>
            <height>1040</height>
            <texture border="40,0,0,0">Curve.png</texture>
        </control>
        <!-- explanatory text window -->
        <control id="2" type="textbox">
            <description>Explanatory Text Box</description>
            <left>55</left>
            <top>175</top>
            <width>563</width>
            <height>800</height>
            <visible>false</visible>
            <!-- <colordiffuse>FFFFFFFF</colordiffuse>-->
            <font>osmc_addon_XSmall</font>
            <!--former_line<font>osmc_addon_Font26</font>-->
            <textcolor>FFFFFFFF</textcolor>
            <!-- <pulseonselect>false</pulseonselect>-->
            <!-- <pagecontrol>13</pagecontrol>-->
            <!-- <scrolltime>200</scrolltime>-->
            <!-- <autoscroll delay="3000" time="1000" repeat="10000">!Control.HasFocus(13)</autoscroll>-->
            <label>Text to display goes here [CR] next line...</label>
        </control>
        <!-- 9 box grid grouping -->
        <!-- grouping like this is necessary to be able to have the middle item selected by default, only group has this option -->
        <control id="4915" type="label">
            <description>left module name label</description>
            <left>1380</left>
            <top>60</top>
            <width>460</width>
            <align>center</align>
            <aligny>top</aligny>
            <scroll>false</scroll>
            <label>Temporary</label>
            <font>osmc_addon_XLarge</font>
            <!--former_line<font>osmc_addon_OLD_Font48</font>-->
            <textcolor>ff808080</textcolor>
            <!--former_line<textcolor>ffffffff</textcolor>-->
            <shadowcolor>44000000</shadowcolor>
            <!--former_line<shadowcolor>ff000000</shadowcolor>-->
        </control>
        <control id="4916" type="label">
            <description>second left module name label</description>
            <!--                     <animation type="VisibleChange"><effect time="200" start="0" end="100" type="fade"/></animation>-->
            <left>1380</left>
            <top>60</top>
            <width>460</width>
            <align>center</align>
            <aligny>top</aligny>
            <scroll>false</scroll>
            <label>Second Temporary</label>
            <font>osmc_addon_XLarge</font>
            <!--former_line<font>osmc_addon_OLD_Font48</font>-->
            <textcolor>ff808080</textcolor>
            <!--former_line<textcolor>ffffffff</textcolor>-->
            <shadowcolor>44000000</shadowcolor>
            <!--former_line<shadowcolor>ff000000</shadowcolor>-->
        </control>
        <control type="image">
            <left>100</left>
            <top>100</top>
            <width>247</width>
            <height>44</height>
            <texture>osmcosmclogo.png</texture>
        </control>
        <control type="label">
            <description>Version Number</description>
            <left>100</left>
            <top>990</top>
            <width>600</width>
            <height>45</height>
            <visible>true</visible>
            <align>left</align>
            <aligny>center</aligny>
            <scroll>false</scroll>
            <label>$INFO[Window(10000).Property(osmc_version)]</label>
            <number/>
            <angle>0</angle>
            <haspath>false</haspath>
            <font>osmc_addon_XSmall</font>
            <!--former_line<font>osmc_addon_OLD_Font25</font>-->
            <textcolor>88f0f0f0</textcolor>
            <shadowcolor>44000000</shadowcolor>
            <!--former_line<shadowcolor>ff000000</shadowcolor>-->
            <wrapmultiline>false</wrapmultiline>
            <scrollspeed>50</scrollspeed>
            <scrollsuffix>-</scrollsuffix>
        </control>
        <control id="4444" type="button">
            <description>previous menu</description>
            <left>300</left>
            <top>465</top>
            <width>70</width>
            <height>150</height>
            <texturefocus>back_FO.png</texturefocus>
            <texturenofocus>back_FX.png</texturenofocus>
            <animation type="Focus">
                <effect delay="50" end="-50,0" time="200" type="slide"/>
                <effect center="auto" end="200" time="200" type="zoom"/>
            </animation>
            <animation type="Unfocus">
                <effect end="0,0" start="-50,0" time="200" type="slide"/>
                <effect center="auto" delay="50" end="100" start="200" time="200" type="zoom"/>
            </animation>
        </control>
        <control id="6666" type="button">
            <description>next menu</description>
            <left>1620</left>
            <top>465</top>
            <width>70</width>
            <height>150</height>
            <texturefocus>fwrd_FO.png</texturefocus>
            <texturenofocus>fwrd_FX.png</texturenofocus>
            <animation type="Focus">
                <effect delay="50" end="50,0" time="200" type="slide"/>
                <effect center="auto" end="200" time="200" type="zoom"/>
            </animation>
            <animation type="Unfocus">
                <effect end="0,0" start="50,0" time="200" type="slide"/>
                <effect center="auto" delay="50" end="100" start="200" time="200" type="zoom"/>
            </animation>
        </control>
        <control id="999" type="group">
            <control id="100" type="group">
                <description>Nine Box Grid Group</description>
                <animation effect="fade" time="5000">VisibleChange</animation>
                <left>420</left>
                <top>0</top>
                <width>1080</width>
                <height>1080</height>
                <defaultcontrol>105</defaultcontrol>
                <visible>true</visible>
                <onup>100</onup>
                <ondown>100</ondown>
                <onleft>100</onleft>
                <onright>100</onright>
                <!-- button 1 - top left -->
                <control id="101" type="panel">
                    <left>190</left>
                    <top>190</top>
                    <width>180</width>
                    <height>180</height>
                    <onup>107</onup>
                    <ondown>104</ondown>
                    <onleft>103</onleft>
                    <onright>102</onright>
                    <animation type="Focus">
                        <effect delay="50" end="-50,-50" time="200" type="slide"/>
                        <effect center="auto" end="200" time="200" type="zoom"/>
                    </animation>
                    <animation type="Unfocus">
                        <effect end="0,0" start="-50,-50" time="200" type="slide"/>
                        <effect center="auto" delay="50" end="100" start="200" time="200" type="zoom"/>
                    </animation>
                    <viewtype label="1011">icon</viewtype>
                    <itemlayout height="180" width="180">
                        <control type="image">
                            <left>0</left>
                            <top>0</top>
                            <width>180</width>
                            <height>180</height>
                            <info>ListItem.Icon</info>
                        </control>
                    </itemlayout>
                    <focusedlayout height="180" width="180">
                        <control type="image">
                            <left>0</left>
                            <top>0</top>
                            <width>180</width>
                            <height>180</height>
                            <texture>$INFO[ListItem.Property(FO_ICON)]</texture>
                        </control>
                        <!--                         <control type="label"><left>0</left><top>140</top><width>180</width><height>40</height><align>center</align><aligny>center</aligny><font>osmc_addon_Font26</font><textcolor>FF8FF5EE</textcolor><info>ListItem.Label</info></control>-->
                    </focusedlayout>
                </control>
                <!-- button 2 - top middle -->
                <control id="102" type="panel">
                    <left>450</left>
                    <top>140</top>
                    <width>180</width>
                    <height>180</height>
                    <onup>108</onup>
                    <ondown>105</ondown>
                    <onleft>101</onleft>
                    <onright>103</onright>
                    <animation type="Focus">
                        <effect delay="50" end="0,-50" time="200" type="slide"/>
                        <effect center="auto" end="200" time="200" type="zoom"/>
                    </animation>
                    <animation type="Unfocus">
                        <effect end="0,0" start="0,-50" time="200" type="slide"/>
                        <effect center="auto" delay="50" end="100" start="200" time="200" type="zoom"/>
                    </animation>
                    <viewtype label="1021">icon</viewtype>
                    <itemlayout height="180" width="180">
                        <control type="image">
                            <left>0</left>
                            <top>0</top>
                            <width>180</width>
                            <height>180</height>
                            <info>ListItem.Icon</info>
                        </control>
                    </itemlayout>
                    <focusedlayout height="180" width="180">
                        <control type="image">
                            <left>0</left>
                            <top>0</top>
                            <width>180</width>
                            <height>180</height>
                            <texture>$INFO[ListItem.Property(FO_ICON)]</texture>
                        </control>
                        <!--                         <control type="label"><left>0</left><top>140</top><width>180</width><height>40</height><align>center</align><aligny>center</aligny><font>osmc_addon_Font26</font><textcolor>FF8FF5EE</textcolor><info>ListItem.Label</info></control>-->
                    </focusedlayout>
                </control>
                <!-- button 1 - top right -->
                <control id="103" type="panel">
                    <left>710</left>
                    <top>190</top>
                    <width>180</width>
                    <height>180</height>
                    <onup>109</onup>
                    <ondown>106</ondown>
                    <onleft>102</onleft>
                    <onright>101</onright>
                    <animation type="Focus">
                        <effect delay="50" end="50,-50" time="200" type="slide"/>
                        <effect center="auto" end="200" time="200" type="zoom"/>
                    </animation>
                    <animation type="Unfocus">
                        <effect end="0,0" start="50,-50" time="200" type="slide"/>
                        <effect center="auto" delay="50" end="100" start="200" time="200" type="zoom"/>
                    </animation>
                    <viewtype label="1031">icon</viewtype>
                    <itemlayout height="180" width="180">
                        <control type="image">
                            <left>0</left>
                            <top>0</top>
                            <width>180</width>
                            <height>180</height>
                            <info>ListItem.Icon</info>
                        </control>
                    </itemlayout>
                    <focusedlayout height="180" width="180">
                        <control type="image">
                            <left>0</left>
                            <top>0</top>
                            <width>180</width>
                            <height>180</height>
                            <texture>$INFO[ListItem.Property(FO_ICON)]</texture>
                        </control>
                        <!--                         <control type="label"><left>0</left><top>140</top><width>180</width><height>40</height><align>center</align><aligny>center</aligny><font>osmc_addon_Font26</font><textcolor>FF8FF5EE</textcolor><info>ListItem.Label</info></control>-->
                    </focusedlayout>
                </control>
                <!-- button 1 - middle left -->
                <control id="104" type="panel">
                    <left>140</left>
                    <top>450</top>
                    <width>180</width>
                    <height>180</height>
                    <onup>101</onup>
                    <ondown>107</ondown>
                    <onleft>4444</onleft>
                    <onright>105</onright>
                    <viewtype label="1041">icon</viewtype>
                    <animation type="Unfocus">
                        <effect end="0,0" start="-50,0" time="200" type="slide"/>
                        <effect center="auto" delay="50" end="100" start="200" time="200" type="zoom"/>
                    </animation>
                    <animation type="Focus">
                        <effect delay="50" end="-50,0" time="200" type="slide"/>
                        <effect center="auto" end="200" time="200" type="zoom"/>
                    </animation>
                    <itemlayout height="180" width="180">
                        <control type="image">
                            <left>0</left>
                            <top>0</top>
                            <width>180</width>
                            <height>180</height>
                            <info>ListItem.Icon</info>
                        </control>
                    </itemlayout>
                    <focusedlayout height="180" width="180">
                        <control type="image">
                            <left>0</left>
                            <top>0</top>
                            <width>180</width>
                            <height>180</height>
                            <texture>$INFO[ListItem.Property(FO_ICON)]</texture>
                        </control>
                        <!--                         <control type="label"><left>0</left><top>140</top><width>180</width><height>40</height><align>center</align><aligny>center</aligny><font>osmc_addon_Font26</font><textcolor>FF8FF5EE</textcolor><info>ListItem.Label</info></control>-->
                    </focusedlayout>
                </control>
                <control id="105" type="panel">
                    <left>450</left>
                    <top>450</top>
                    <width>180</width>
                    <height>180</height>
                    <onup>102</onup>
                    <ondown>108</ondown>
                    <onleft>104</onleft>
                    <onright>106</onright>
                    <viewtype label="1051">icon</viewtype>
                    <itemlayout height="180" width="180">
                        <control type="image">
                            <left>0</left>
                            <top>0</top>
                            <width>180</width>
                            <height>180</height>
                            <texture>OSMC_icon_line.png</texture>
                        </control>
                    </itemlayout>
                    <focusedlayout height="180" width="180">
                        <control type="image">
                            <animation type="Focus">
                                <effect center="auto" end="140, 140" start="140, 5" time="100" type="zoom"/>
                            </animation>
                            <animation type="Unfocus">
                                <effect center="auto" end="140, 5" start="140, 140" time="100" type="zoom"/>
                            </animation>
                            <left>0</left>
                            <top>0</top>
                            <width>180</width>
                            <height>180</height>
                            <texture>OSMC_icon_white.png</texture>
                        </control>
                        <!--                         <control type="label"><left>0</left><top>140</top><width>180</width><height>40</height><align>center</align><aligny>center</aligny><font>osmc_addon_Font26</font><textcolor>FF8FF5EE</textcolor><info>ListItem.Label</info></control>-->
                    </focusedlayout>
                </control>
                <control id="106" type="panel">
                    <left>760</left>
                    <top>450</top>
                    <width>180</width>
                    <height>180</height>
                    <onup>103</onup>
                    <ondown>109</ondown>
                    <onleft>105</onleft>
                    <onright>909</onright>
                    <animation type="Focus">
                        <effect delay="50" end="50,0" time="200" type="slide"/>
                        <effect center="auto" end="200" time="200" type="zoom"/>
                    </animation>
                    <animation type="Unfocus">
                        <effect end="0,0" start="50,0" time="200" type="slide"/>
                        <effect center="auto" delay="50" end="100" start="200" time="200" type="zoom"/>
                    </animation>
                    <viewtype label="1061">icon</viewtype>
                    <itemlayout height="180" width="180">
                        <control type="image">
                            <left>0</left>
                            <top>0</top>
                            <width>180</width>
                            <height>180</height>
                            <info>ListItem.Icon</info>
                        </control>
                    </itemlayout>
                    <focusedlayout height="180" width="180">
                        <control type="image">
                            <left>0</left>
                            <top>0</top>
                            <width>180</width>
                            <height>180</height>
                            <texture>$INFO[ListItem.Property(FO_ICON)]</texture>
                        </control>
                        <!--                         <control type="label"><left>0</left><top>140</top><width>180</width><height>40</height><align>center</align><aligny>center</aligny><font>osmc_addon_Font26</font><textcolor>FF8FF5EE</textcolor><info>ListItem.Label</info></control>-->
                    </focusedlayout>
                </control>
                <control id="107" type="panel">
                    <left>190</left>
                    <top>710</top>
                    <width>180</width>
                    <height>180</height>
                    <onup>104</onup>
                    <ondown>101</ondown>
                    <onleft>109</onleft>
                    <onright>108</onright>
                    <animation type="Focus">
                        <effect delay="50" end="-50,50" time="200" type="slide"/>
                        <effect center="auto" end="200" time="200" type="zoom"/>
                    </animation>
                    <animation type="Unfocus">
                        <effect end="0,0" start="-50,50" time="200" type="slide"/>
                        <effect center="auto" delay="50" end="100" start="200" time="200" type="zoom"/>
                    </animation>
                    <viewtype label="1071">icon</viewtype>
                    <itemlayout height="180" width="180">
                        <control type="image">
                            <left>0</left>
                            <top>0</top>
                            <width>180</width>
                            <height>180</height>
                            <info>ListItem.Icon</info>
                        </control>
                    </itemlayout>
                    <focusedlayout height="180" width="180">
                        <control type="image">
                            <left>0</left>
                            <top>0</top>
                            <width>180</width>
                            <height>180</height>
                            <texture>$INFO[ListItem.Property(FO_ICON)]</texture>
                        </control>
                        <!--                         <control type="label"><left>0</left><top>140</top><width>180</width><height>40</height><align>center</align><aligny>center</aligny><font>osmc_addon_Font26</font><textcolor>FF8FF5EE</textcolor><info>ListItem.Label</info></control>-->
                    </focusedlayout>
                </control>
                <control id="108" type="panel">
                    <left>450</left>
                    <top>760</top>
                    <width>180</width>
                    <height>180</height>
                    <onup>105</onup>
                    <ondown>102</ondown>
                    <onleft>107</onleft>
                    <onright>109</onright>
                    <animation type="Focus">
                        <effect delay="50" end="0,50" time="200" type="slide"/>
                        <effect center="auto" end="200" time="200" type="zoom"/>
                    </animation>
                    <animation type="Unfocus">
                        <effect end="0,0" start="0,50" time="200" type="slide"/>
                        <effect center="auto" delay="50" end="100" start="200" time="200" type="zoom"/>
                    </animation>
                    <viewtype label="1081">icon</viewtype>
                    <itemlayout height="180" width="180">
                        <control type="image">
                            <left>0</left>
                            <top>0</top>
                            <width>180</width>
                            <height>180</height>
                            <info>ListItem.Icon</info>
                        </control>
                    </itemlayout>
                    <focusedlayout height="180" width="180">
                        <control type="image">
                            <left>0</left>
                            <top>0</top>
                            <width>180</width>
                            <height>180</height>
                            <texture>$INFO[ListItem.Property(FO_ICON)]</texture>
                        </control>
                        <!--                         <control type="label"><left>0</left><top>140</top><width>180</width><height>40</height><align>center</align><aligny>center</aligny><font>osmc_addon_Font26</font><textcolor>FF8FF5EE</textcolor><info>ListItem.Label</info></control>-->
                    </focusedlayout>
                </control>
                <control id="109" type="panel">
                    <left>710</left>
                    <top>710</top>
                    <width>180</width>
                    <height>180</height>
                    <onup>106</onup>
                    <ondown>103</ondown>
                    <onleft>108</onleft>
                    <onright>107</onright>
                    <animation type="Focus">
                        <effect delay="50" end="50,50" time="200" type="slide"/>
                        <effect center="auto" end="200" time="200" type="zoom"/>
                    </animation>
                    <animation type="Unfocus">
                        <effect end="0,0" start="50,50" time="200" type="slide"/>
                        <effect center="auto" delay="50" end="100" start="200" time="200" type="zoom"/>
                    </animation>
                    <viewtype label="1091">icon</viewtype>
                    <itemlayout height="180" width="180">
                        <control type="image">
                            <left>0</left>
                            <top>0</top>
                            <width>180</width>
                            <height>180</height>
                            <info>ListItem.Icon</info>
                        </control>
                    </itemlayout>
                    <focusedlayout height="180" width="180">
                        <control type="image">
                            <left>0</left>
                            <top>0</top>
                            <width>180</width>
                            <height>180</height>
                            <texture>$INFO[ListItem.Property(FO_ICON)]</texture>
                        </control>
                        <!--                         <control type="label"><left>0</left><top>140</top><width>180</width><height>40</height><align>center</align><aligny>center</aligny><font>osmc_addon_Font26</font><textcolor>FF8FF5EE</textcolor><info>ListItem.Label</info></control>-->
                    </focusedlayout>
                </control>
            </control>


            <control type="button" id="909">
                <description>Advanced Settings (beta)</description>
                <left>1520</left>
                <top>450</top>
                <width>250</width>
                <height>200</height>
                <colordiffuse>FFFFFFFF</colordiffuse>
                <label>Advanced[CR]Settings[CR](beta)</label>
                <font>osmc_addon_Med</font>
                <textcolor>66ffffff</textcolor>
                <focusedcolor>ffe0b074</focusedcolor>
                <align>center</align>
                <aligny>center</aligny>
                <textoffsetx></textoffsetx>
                <textoffsety></textoffsety>
                <pulseonselect></pulseonselect>
                <onclick></onclick>
                <onfocus>-</onfocus>
                <onunfocus>-</onunfocus>
                <onup></onup>
                <ondown></ondown>
                <onleft>106</onleft>
                <onright></onright>
                <visible>System.HasAddon(script.advancedsettingsetter)</visible>
                <texturefocus colordiffuse="FFFFAAFF"></texturefocus>
                <texturenofocus colordiffuse="FFFFAAFF"></texturenofocus>
            </control>


            <!-- @@@@@@@@@@@@@@@@@@@@@@@@@@@@@@@@@@@@@@@@@@@@@@@@@@@@@@@@@@@@@@@@@@@@@@@@@@@@@@@@@@@@@@@@@@@@@@@@@@@@@@@@@@@@@@@@@@@@@@@@@@@@@@@@@@@@@@@@@@@@@@@@@@@@@@@@@@@@@@@@@@@@@@@@@@@@@@@@@@@@@@@@@@@@@@@@@@@@@@@@@@@@@@@@@@@@@@@@@@@@@@@@@@@@@@@@@@@@@@@@@@@@@@@@@@@@@@@@@@@@@@@@@@@@@@@@@@@@@@@@@@@@@@@@@@@@@@@@@@@@@@@@@@@@@@@@@@@@@@@@@@@@@@@@@@@@@@@@@@@@@@@@@@@@@@@@@@@@@@@@@@@@@@@@@@@@@@@@@@@@@@@@@@@@@@@@@@@@@@@@@@@@@@@@@@@@@@@@@@@@@@@@@@@@@@@@@@@@@@@@@@@@@@@@@@@@@@@@@@@@@@@@@@@@@@@@@@@@@@@@@@@@@@@@@@@@@@@@@@@@@@@@@@@@@@@@@@@@@@@@@@@@@@@@@@@@@@@@@@@@@@@@@@@@@@@@@@@@@@@@@@@@@@@@@@@@@@@@@@@@@@@@@@@@@@@@@@@@@@@@@@@@@@@@@@@@@@@@@@@@@@@@@@@@@@@@@@@@@@@@@@@@@@@@@@@@@@@@@@@@@@@@@@@@@@@@@@@@@@@@@@@@@@@@@@@@@@@@@@@@@@@@@@@@@@@@@@@@@@@@@@@@@@@@@@@@@@@@@@@@@@@@@@@@@@@@@@@@@@@@@@@@@@@@@@@@@@@@@@@@@@@@@@@@@ -->
            <control id="200" type="group">
                <description>Nine Box Grid Group two</description>
                <animation effect="fade" time="5000">VisibleChange</animation>
                <left>420</left>
                <top>0</top>
                <width>1080</width>
                <height>1080</height>
                <defaultcontrol>105</defaultcontrol>
                <visible>true</visible>
                <onup>200</onup>
                <ondown>200</ondown>
                <onleft>200</onleft>
                <onright>200</onright>
                <control id="201" type="panel">
                    <left>190</left>
                    <top>190</top>
                    <width>180</width>
                    <height>180</height>
                    <onup>207</onup>
                    <ondown>204</ondown>
                    <onleft>203</onleft>
                    <onright>202</onright>
                    <animation type="Focus">
                        <effect delay="50" end="-50,-50" time="200" type="slide"/>
                        <effect center="auto" end="200" time="200" type="zoom"/>
                    </animation>
                    <animation type="Unfocus">
                        <effect end="0,0" start="-50,-50" time="200" type="slide"/>
                        <effect center="auto" delay="50" end="100" start="200" time="200" type="zoom"/>
                    </animation>
                    <viewtype label="2011">icon</viewtype>
                    <itemlayout height="180" width="180">
                        <control type="image">
                            <left>0</left>
                            <top>0</top>
                            <width>180</width>
                            <height>180</height>
                            <info>ListItem.Icon</info>
                        </control>
                    </itemlayout>
                    <focusedlayout height="180" width="180">
                        <control type="image">
                            <left>0</left>
                            <top>0</top>
                            <width>180</width>
                            <height>180</height>
                            <texture>$INFO[ListItem.Property(FO_ICON)]</texture>
                        </control>
                        <!--                         <control type="label"><left>0</left><top>140</top><width>180</width><height>40</height><align>center</align><aligny>center</aligny><font>osmc_addon_Font26</font><textcolor>FF8FF5EE</textcolor><info>ListItem.Label</info></control>-->
                    </focusedlayout>
                </control>
                <control id="202" type="panel">
                    <left>450</left>
                    <top>140</top>
                    <width>180</width>
                    <height>180</height>
                    <onup>208</onup>
                    <ondown>205</ondown>
                    <onleft>201</onleft>
                    <onright>203</onright>
                    <animation type="Focus">
                        <effect delay="50" end="0,-50" time="200" type="slide"/>
                        <effect center="auto" end="200" time="200" type="zoom"/>
                    </animation>
                    <animation type="Unfocus">
                        <effect end="0,0" start="0,-50" time="200" type="slide"/>
                        <effect center="auto" delay="50" end="100" start="200" time="200" type="zoom"/>
                    </animation>
                    <viewtype label="2021">icon</viewtype>
                    <itemlayout height="180" width="180">
                        <control type="image">
                            <left>0</left>
                            <top>0</top>
                            <width>180</width>
                            <height>180</height>
                            <info>ListItem.Icon</info>
                        </control>
                    </itemlayout>
                    <focusedlayout height="180" width="180">
                        <control type="image">
                            <left>0</left>
                            <top>0</top>
                            <width>180</width>
                            <height>180</height>
                            <texture>$INFO[ListItem.Property(FO_ICON)]</texture>
                        </control>
                        <!--                         <control type="label"><left>0</left><top>140</top><width>180</width><height>40</height><align>center</align><aligny>center</aligny><font>osmc_addon_Font26</font><textcolor>FF8FF5EE</textcolor><info>ListItem.Label</info></control>-->
                    </focusedlayout>
                </control>
                <control id="203" type="panel">
                    <left>710</left>
                    <top>190</top>
                    <width>180</width>
                    <height>180</height>
                    <onup>209</onup>
                    <ondown>206</ondown>
                    <onleft>202</onleft>
                    <onright>201</onright>
                    <animation type="Focus">
                        <effect delay="50" end="50,-50" time="200" type="slide"/>
                        <effect center="auto" end="200" time="200" type="zoom"/>
                    </animation>
                    <animation type="Unfocus">
                        <effect end="0,0" start="50,-50" time="200" type="slide"/>
                        <effect center="auto" delay="50" end="100" start="200" time="200" type="zoom"/>
                    </animation>
                    <viewtype label="2031">icon</viewtype>
                    <itemlayout height="180" width="180">
                        <control type="image">
                            <left>0</left>
                            <top>0</top>
                            <width>180</width>
                            <height>180</height>
                            <info>ListItem.Icon</info>
                        </control>
                    </itemlayout>
                    <focusedlayout height="180" width="180">
                        <control type="image">
                            <left>0</left>
                            <top>0</top>
                            <width>180</width>
                            <height>180</height>
                            <texture>$INFO[ListItem.Property(FO_ICON)]</texture>
                        </control>
                        <!--                         <control type="label"><left>0</left><top>140</top><width>180</width><height>40</height><align>center</align><aligny>center</aligny><font>osmc_addon_Font26</font><textcolor>FF8FF5EE</textcolor><info>ListItem.Label</info></control>-->
                    </focusedlayout>
                </control>
                <control id="204" type="panel">
                    <left>140</left>
                    <top>450</top>
                    <width>180</width>
                    <height>180</height>
                    <onup>201</onup>
                    <ondown>207</ondown>
                    <onleft>4444</onleft>
                    <onright>205</onright>
                    <viewtype label="2041">icon</viewtype>
                    <animation type="Unfocus">
                        <effect end="0,0" start="-50,0" time="200" type="slide"/>
                        <effect center="auto" delay="50" end="100" start="200" time="200" type="zoom"/>
                    </animation>
                    <animation type="Focus">
                        <effect delay="50" end="-50,0" time="200" type="slide"/>
                        <effect center="auto" end="200" time="200" type="zoom"/>
                    </animation>
                    <itemlayout height="180" width="180">
                        <control type="image">
                            <left>0</left>
                            <top>0</top>
                            <width>180</width>
                            <height>180</height>
                            <info>ListItem.Icon</info>
                        </control>
                    </itemlayout>
                    <focusedlayout height="180" width="180">
                        <control type="image">
                            <left>0</left>
                            <top>0</top>
                            <width>180</width>
                            <height>180</height>
                            <texture>$INFO[ListItem.Property(FO_ICON)]</texture>
                        </control>
                        <!--                         <control type="label"><left>0</left><top>140</top><width>180</width><height>40</height><align>center</align><aligny>center</aligny><font>osmc_addon_Font26</font><textcolor>FF8FF5EE</textcolor><info>ListItem.Label</info></control>-->
                    </focusedlayout>
                </control>
                <control id="205" type="panel">
                    <left>450</left>
                    <top>450</top>
                    <width>180</width>
                    <height>180</height>
                    <onup>202</onup>
                    <ondown>208</ondown>
                    <onleft>204</onleft>
                    <onright>206</onright>
                    <viewtype label="2051">icon</viewtype>
                    <itemlayout height="180" width="180">
                        <control type="image">
                            <left>0</left>
                            <top>0</top>
                            <width>180</width>
                            <height>180</height>
                            <texture>OSMC_icon_line.png</texture>
                        </control>
                    </itemlayout>
                    <focusedlayout height="180" width="180">
                        <control type="image">
                            <animation type="Focus">
                                <effect center="auto" end="140, 140" start="140, 5" time="100" type="zoom"/>
                            </animation>
                            <animation type="Unfocus">
                                <effect center="auto" end="140, 5" start="140, 140" time="100" type="zoom"/>
                            </animation>
                            <left>0</left>
                            <top>0</top>
                            <width>180</width>
                            <height>180</height>
                            <texture>OSMC_icon_white.png</texture>
                        </control>
                        <!--                         <control type="label"><left>0</left><top>140</top><width>180</width><height>40</height><align>center</align><aligny>center</aligny><font>osmc_addon_Font26</font><textcolor>FF8FF5EE</textcolor><info>ListItem.Label</info></control>-->
                    </focusedlayout>
                </control>
                <control id="206" type="panel">
                    <left>760</left>
                    <top>450</top>
                    <width>180</width>
                    <height>180</height>
                    <onup>203</onup>
                    <ondown>209</ondown>
                    <onleft>205</onleft>
                    <onright>6666</onright>
                    <animation type="Focus">
                        <effect delay="50" end="50,0" time="200" type="slide"/>
                        <effect center="auto" end="200" time="200" type="zoom"/>
                    </animation>
                    <animation type="Unfocus">
                        <effect end="0,0" start="50,0" time="200" type="slide"/>
                        <effect center="auto" delay="50" end="100" start="200" time="200" type="zoom"/>
                    </animation>
                    <viewtype label="2061">icon</viewtype>
                    <itemlayout height="180" width="180">
                        <control type="image">
                            <left>0</left>
                            <top>0</top>
                            <width>180</width>
                            <height>180</height>
                            <info>ListItem.Icon</info>
                        </control>
                    </itemlayout>
                    <focusedlayout height="180" width="180">
                        <control type="image">
                            <left>0</left>
                            <top>0</top>
                            <width>180</width>
                            <height>180</height>
                            <texture>$INFO[ListItem.Property(FO_ICON)]</texture>
                        </control>
                        <!--                         <control type="label"><left>0</left><top>140</top><width>180</width><height>40</height><align>center</align><aligny>center</aligny><font>osmc_addon_Font26</font><textcolor>FF8FF5EE</textcolor><info>ListItem.Label</info></control>-->
                    </focusedlayout>
                </control>
                <control id="207" type="panel">
                    <left>190</left>
                    <top>710</top>
                    <width>180</width>
                    <height>180</height>
                    <onup>204</onup>
                    <ondown>201</ondown>
                    <onleft>209</onleft>
                    <onright>208</onright>
                    <animation type="Focus">
                        <effect delay="50" end="-50,50" time="200" type="slide"/>
                        <effect center="auto" end="200" time="200" type="zoom"/>
                    </animation>
                    <animation type="Unfocus">
                        <effect end="0,0" start="-50,50" time="200" type="slide"/>
                        <effect center="auto" delay="50" end="100" start="200" time="200" type="zoom"/>
                    </animation>
                    <viewtype label="2071">icon</viewtype>
                    <itemlayout height="180" width="180">
                        <control type="image">
                            <left>0</left>
                            <top>0</top>
                            <width>180</width>
                            <height>180</height>
                            <info>ListItem.Icon</info>
                        </control>
                    </itemlayout>
                    <focusedlayout height="180" width="180">
                        <control type="image">
                            <left>0</left>
                            <top>0</top>
                            <width>180</width>
                            <height>180</height>
                            <texture>$INFO[ListItem.Property(FO_ICON)]</texture>
                        </control>
                        <!--                         <control type="label"><left>0</left><top>140</top><width>180</width><height>40</height><align>center</align><aligny>center</aligny><font>osmc_addon_Font26</font><textcolor>FF8FF5EE</textcolor><info>ListItem.Label</info></control>-->
                    </focusedlayout>
                </control>
                <control id="208" type="panel">
                    <left>450</left>
                    <top>760</top>
                    <width>180</width>
                    <height>180</height>
                    <onup>205</onup>
                    <ondown>202</ondown>
                    <onleft>207</onleft>
                    <onright>209</onright>
                    <animation type="Focus">
                        <effect delay="50" end="0,50" time="200" type="slide"/>
                        <effect center="auto" end="200" time="200" type="zoom"/>
                    </animation>
                    <animation type="Unfocus">
                        <effect end="0,0" start="0,50" time="200" type="slide"/>
                        <effect center="auto" delay="50" end="100" start="200" time="200" type="zoom"/>
                    </animation>
                    <viewtype label="2081">icon</viewtype>
                    <itemlayout height="180" width="180">
                        <control type="image">
                            <left>0</left>
                            <top>0</top>
                            <width>180</width>
                            <height>180</height>
                            <info>ListItem.Icon</info>
                        </control>
                    </itemlayout>
                    <focusedlayout height="180" width="180">
                        <control type="image">
                            <left>0</left>
                            <top>0</top>
                            <width>180</width>
                            <height>180</height>
                            <texture>$INFO[ListItem.Property(FO_ICON)]</texture>
                        </control>
                        <!--                         <control type="label"><left>0</left><top>140</top><width>180</width><height>40</height><align>center</align><aligny>center</aligny><font>osmc_addon_Font26</font><textcolor>FF8FF5EE</textcolor><info>ListItem.Label</info></control>-->
                    </focusedlayout>
                </control>
                <control id="209" type="panel">
                    <left>710</left>
                    <top>710</top>
                    <width>180</width>
                    <height>180</height>
                    <onup>206</onup>
                    <ondown>203</ondown>
                    <onleft>208</onleft>
                    <onright>207</onright>
                    <animation type="Focus">
                        <effect delay="50" end="50,50" time="200" type="slide"/>
                        <effect center="auto" end="200" time="200" type="zoom"/>
                    </animation>
                    <animation type="Unfocus">
                        <effect end="0,0" start="50,50" time="200" type="slide"/>
                        <effect center="auto" delay="50" end="100" start="200" time="200" type="zoom"/>
                    </animation>
                    <viewtype label="2091">icon</viewtype>
                    <itemlayout height="180" width="180">
                        <control type="image">
                            <left>0</left>
                            <top>0</top>
                            <width>180</width>
                            <height>180</height>
                            <info>ListItem.Icon</info>
                        </control>
                    </itemlayout>
                    <focusedlayout height="180" width="180">
                        <control type="image">
                            <left>0</left>
                            <top>0</top>
                            <width>180</width>
                            <height>180</height>
                            <texture>$INFO[ListItem.Property(FO_ICON)]</texture>
                        </control>
                        <!--                         <control type="label"><left>0</left><top>140</top><width>180</width><height>40</height><align>center</align><aligny>center</aligny><font>osmc_addon_Font26</font><textcolor>FF8FF5EE</textcolor><info>ListItem.Label</info></control>-->
                    </focusedlayout>
                </control>
            </control>
        </control>
    </controls>
</window>
